==6138== NVPROF is profiling process 6138, command: ./build/lulesh/cuda/lulesh -s 10 0 100
==6138== Some kernel(s) will be replayed on device 0 in order to collect all events/metrics.
==6138== Profiling application: ./build/lulesh/cuda/lulesh -s 10 0 100
==6138== Profiling result:
==6138== Metric result:
"Device","Kernel","Invocations","Metric Name","Metric Description","Min","Max","Avg"
"NVIDIA GeForce GTX 1060 (0)","_ZN6alpaka6detail9gpuKernelIN19lulesh_port_kernels48CalcKinematicsAndMonotonicQGradient_kernel_classENS_9ApiCudaRtENS_22AccGpuUniformCudaHipRtIS4_St17integral_constantImLm1EEmEES7_mJEEEvNS_3VecIT2_T3_EET_DpT4_",100,"inst_per_warp","Instructions per warp",1102.000000,1102.000000,1102.000000
"NVIDIA GeForce GTX 1060 (0)","_ZN6alpaka6detail9gpuKernelIN19lulesh_port_kernels48CalcKinematicsAndMonotonicQGradient_kernel_classENS_9ApiCudaRtENS_22AccGpuUniformCudaHipRtIS4_St17integral_constantImLm1EEmEES7_mJEEEvNS_3VecIT2_T3_EET_DpT4_",100,"branch_efficiency","Branch Efficiency",100.000000%,100.000000%,100.000000%
"NVIDIA GeForce GTX 1060 (0)","_ZN6alpaka6detail9gpuKernelIN19lulesh_port_kernels48CalcKinematicsAndMonotonicQGradient_kernel_classENS_9ApiCudaRtENS_22AccGpuUniformCudaHipRtIS4_St17integral_constantImLm1EEmEES7_mJEEEvNS_3VecIT2_T3_EET_DpT4_",100,"warp_execution_efficiency","Warp Execution Efficiency",95.307537%,97.675391%,96.391047%
"NVIDIA GeForce GTX 1060 (0)","_ZN6alpaka6detail9gpuKernelIN19lulesh_port_kernels48CalcKinematicsAndMonotonicQGradient_kernel_classENS_9ApiCudaRtENS_22AccGpuUniformCudaHipRtIS4_St17integral_constantImLm1EEmEES7_mJEEEvNS_3VecIT2_T3_EET_DpT4_",100,"warp_nonpred_execution_efficiency","Warp Non-Predicated Execution Efficiency",94.749603%,96.789218%,95.682715%
"NVIDIA GeForce GTX 1060 (0)","_ZN6alpaka6detail9gpuKernelIN19lulesh_port_kernels48CalcKinematicsAndMonotonicQGradient_kernel_classENS_9ApiCudaRtENS_22AccGpuUniformCudaHipRtIS4_St17integral_constantImLm1EEmEES7_mJEEEvNS_3VecIT2_T3_EET_DpT4_",100,"inst_replay_overhead","Instruction Replay Overhead",0.011740,0.014973,0.011864
"NVIDIA GeForce GTX 1060 (0)","_ZN6alpaka6detail9gpuKernelIN19lulesh_port_kernels48CalcKinematicsAndMonotonicQGradient_kernel_classENS_9ApiCudaRtENS_22AccGpuUniformCudaHipRtIS4_St17integral_constantImLm1EEmEES7_mJEEEvNS_3VecIT2_T3_EET_DpT4_",100,"shared_load_transactions_per_request","Shared Memory Load Transactions Per Request",0.000000,0.000000,0.000000
"NVIDIA GeForce GTX 1060 (0)","_ZN6alpaka6detail9gpuKernelIN19lulesh_port_kernels48CalcKinematicsAndMonotonicQGradient_kernel_classENS_9ApiCudaRtENS_22AccGpuUniformCudaHipRtIS4_St17integral_constantImLm1EEmEES7_mJEEEvNS_3VecIT2_T3_EET_DpT4_",100,"shared_store_transactions_per_request","Shared Memory Store Transactions Per Request",0.000000,0.000000,0.000000
"NVIDIA GeForce GTX 1060 (0)","_ZN6alpaka6detail9gpuKernelIN19lulesh_port_kernels48CalcKinematicsAndMonotonicQGradient_kernel_classENS_9ApiCudaRtENS_22AccGpuUniformCudaHipRtIS4_St17integral_constantImLm1EEmEES7_mJEEEvNS_3VecIT2_T3_EET_DpT4_",100,"local_load_transactions_per_request","Local Memory Load Transactions Per Request",0.000000,0.000000,0.000000
"NVIDIA GeForce GTX 1060 (0)","_ZN6alpaka6detail9gpuKernelIN19lulesh_port_kernels48CalcKinematicsAndMonotonicQGradient_kernel_classENS_9ApiCudaRtENS_22AccGpuUniformCudaHipRtIS4_St17integral_constantImLm1EEmEES7_mJEEEvNS_3VecIT2_T3_EET_DpT4_",100,"local_store_transactions_per_request","Local Memory Store Transactions Per Request",0.000000,0.000000,0.000000
"NVIDIA GeForce GTX 1060 (0)","_ZN6alpaka6detail9gpuKernelIN19lulesh_port_kernels48CalcKinematicsAndMonotonicQGradient_kernel_classENS_9ApiCudaRtENS_22AccGpuUniformCudaHipRtIS4_St17integral_constantImLm1EEmEES7_mJEEEvNS_3VecIT2_T3_EET_DpT4_",100,"gld_transactions_per_request","Global Load Transactions Per Request",29.401042,29.401042,29.401042
"NVIDIA GeForce GTX 1060 (0)","_ZN6alpaka6detail9gpuKernelIN19lulesh_port_kernels48CalcKinematicsAndMonotonicQGradient_kernel_classENS_9ApiCudaRtENS_22AccGpuUniformCudaHipRtIS4_St17integral_constantImLm1EEmEES7_mJEEEvNS_3VecIT2_T3_EET_DpT4_",100,"gst_transactions_per_request","Global Store Transactions Per Request",7.812500,7.812500,7.812500
"NVIDIA GeForce GTX 1060 (0)","_ZN6alpaka6detail9gpuKernelIN19lulesh_port_kernels48CalcKinematicsAndMonotonicQGradient_kernel_classENS_9ApiCudaRtENS_22AccGpuUniformCudaHipRtIS4_St17integral_constantImLm1EEmEES7_mJEEEvNS_3VecIT2_T3_EET_DpT4_",100,"shared_store_transactions","Shared Store Transactions",0,0,0
"NVIDIA GeForce GTX 1060 (0)","_ZN6alpaka6detail9gpuKernelIN19lulesh_port_kernels48CalcKinematicsAndMonotonicQGradient_kernel_classENS_9ApiCudaRtENS_22AccGpuUniformCudaHipRtIS4_St17integral_constantImLm1EEmEES7_mJEEEvNS_3VecIT2_T3_EET_DpT4_",100,"shared_load_transactions","Shared Load Transactions",0,0,0
"NVIDIA GeForce GTX 1060 (0)","_ZN6alpaka6detail9gpuKernelIN19lulesh_port_kernels48CalcKinematicsAndMonotonicQGradient_kernel_classENS_9ApiCudaRtENS_22AccGpuUniformCudaHipRtIS4_St17integral_constantImLm1EEmEES7_mJEEEvNS_3VecIT2_T3_EET_DpT4_",100,"local_load_transactions","Local Load Transactions",0,0,0
"NVIDIA GeForce GTX 1060 (0)","_ZN6alpaka6detail9gpuKernelIN19lulesh_port_kernels48CalcKinematicsAndMonotonicQGradient_kernel_classENS_9ApiCudaRtENS_22AccGpuUniformCudaHipRtIS4_St17integral_constantImLm1EEmEES7_mJEEEvNS_3VecIT2_T3_EET_DpT4_",100,"local_store_transactions","Local Store Transactions",0,0,0
"NVIDIA GeForce GTX 1060 (0)","_ZN6alpaka6detail9gpuKernelIN19lulesh_port_kernels48CalcKinematicsAndMonotonicQGradient_kernel_classENS_9ApiCudaRtENS_22AccGpuUniformCudaHipRtIS4_St17integral_constantImLm1EEmEES7_mJEEEvNS_3VecIT2_T3_EET_DpT4_",100,"gld_transactions","Global Load Transactions",56450,56450,56450
"NVIDIA GeForce GTX 1060 (0)","_ZN6alpaka6detail9gpuKernelIN19lulesh_port_kernels48CalcKinematicsAndMonotonicQGradient_kernel_classENS_9ApiCudaRtENS_22AccGpuUniformCudaHipRtIS4_St17integral_constantImLm1EEmEES7_mJEEEvNS_3VecIT2_T3_EET_DpT4_",100,"gst_transactions","Global Store Transactions",3250,3250,3250
"NVIDIA GeForce GTX 1060 (0)","_ZN6alpaka6detail9gpuKernelIN19lulesh_port_kernels48CalcKinematicsAndMonotonicQGradient_kernel_classENS_9ApiCudaRtENS_22AccGpuUniformCudaHipRtIS4_St17integral_constantImLm1EEmEES7_mJEEEvNS_3VecIT2_T3_EET_DpT4_",100,"sysmem_read_transactions","System Memory Read Transactions",0,0,0
"NVIDIA GeForce GTX 1060 (0)","_ZN6alpaka6detail9gpuKernelIN19lulesh_port_kernels48CalcKinematicsAndMonotonicQGradient_kernel_classENS_9ApiCudaRtENS_22AccGpuUniformCudaHipRtIS4_St17integral_constantImLm1EEmEES7_mJEEEvNS_3VecIT2_T3_EET_DpT4_",100,"sysmem_write_transactions","System Memory Write Transactions",5,5,5
"NVIDIA GeForce GTX 1060 (0)","_ZN6alpaka6detail9gpuKernelIN19lulesh_port_kernels48CalcKinematicsAndMonotonicQGradient_kernel_classENS_9ApiCudaRtENS_22AccGpuUniformCudaHipRtIS4_St17integral_constantImLm1EEmEES7_mJEEEvNS_3VecIT2_T3_EET_DpT4_",100,"l2_read_transactions","L2 Read Transactions",16670,17438,16923
"NVIDIA GeForce GTX 1060 (0)","_ZN6alpaka6detail9gpuKernelIN19lulesh_port_kernels48CalcKinematicsAndMonotonicQGradient_kernel_classENS_9ApiCudaRtENS_22AccGpuUniformCudaHipRtIS4_St17integral_constantImLm1EEmEES7_mJEEEvNS_3VecIT2_T3_EET_DpT4_",100,"l2_write_transactions","L2 Write Transactions",3263,3264,3263
"NVIDIA GeForce GTX 1060 (0)","_ZN6alpaka6detail9gpuKernelIN19lulesh_port_kernels48CalcKinematicsAndMonotonicQGradient_kernel_classENS_9ApiCudaRtENS_22AccGpuUniformCudaHipRtIS4_St17integral_constantImLm1EEmEES7_mJEEEvNS_3VecIT2_T3_EET_DpT4_",100,"global_hit_rate","Global Hit Rate in unified l1/tex",0.000000%,0.000000%,0.000000%
"NVIDIA GeForce GTX 1060 (0)","_ZN6alpaka6detail9gpuKernelIN19lulesh_port_kernels48CalcKinematicsAndMonotonicQGradient_kernel_classENS_9ApiCudaRtENS_22AccGpuUniformCudaHipRtIS4_St17integral_constantImLm1EEmEES7_mJEEEvNS_3VecIT2_T3_EET_DpT4_",100,"local_hit_rate","Local Hit Rate",0.000000%,0.000000%,0.000000%
"NVIDIA GeForce GTX 1060 (0)","_ZN6alpaka6detail9gpuKernelIN19lulesh_port_kernels48CalcKinematicsAndMonotonicQGradient_kernel_classENS_9ApiCudaRtENS_22AccGpuUniformCudaHipRtIS4_St17integral_constantImLm1EEmEES7_mJEEEvNS_3VecIT2_T3_EET_DpT4_",100,"gld_requested_throughput","Requested Global Load Throughput",20.381638GB/s,20.640769GB/s,20.517597GB/s
"NVIDIA GeForce GTX 1060 (0)","_ZN6alpaka6detail9gpuKernelIN19lulesh_port_kernels48CalcKinematicsAndMonotonicQGradient_kernel_classENS_9ApiCudaRtENS_22AccGpuUniformCudaHipRtIS4_St17integral_constantImLm1EEmEES7_mJEEEvNS_3VecIT2_T3_EET_DpT4_",100,"gst_requested_throughput","Requested Global Store Throughput",4.731452GB/s,4.791607GB/s,4.763014GB/s
"NVIDIA GeForce GTX 1060 (0)","_ZN6alpaka6detail9gpuKernelIN19lulesh_port_kernels48CalcKinematicsAndMonotonicQGradient_kernel_classENS_9ApiCudaRtENS_22AccGpuUniformCudaHipRtIS4_St17integral_constantImLm1EEmEES7_mJEEEvNS_3VecIT2_T3_EET_DpT4_",100,"gld_throughput","Global Load Throughput",23.989188GB/s,24.294186GB/s,24.149211GB/s
"NVIDIA GeForce GTX 1060 (0)","_ZN6alpaka6detail9gpuKernelIN19lulesh_port_kernels48CalcKinematicsAndMonotonicQGradient_kernel_classENS_9ApiCudaRtENS_22AccGpuUniformCudaHipRtIS4_St17integral_constantImLm1EEmEES7_mJEEEvNS_3VecIT2_T3_EET_DpT4_",100,"gst_throughput","Global Store Throughput",4.731452GB/s,4.791607GB/s,4.763014GB/s
"NVIDIA GeForce GTX 1060 (0)","_ZN6alpaka6detail9gpuKernelIN19lulesh_port_kernels48CalcKinematicsAndMonotonicQGradient_kernel_classENS_9ApiCudaRtENS_22AccGpuUniformCudaHipRtIS4_St17integral_constantImLm1EEmEES7_mJEEEvNS_3VecIT2_T3_EET_DpT4_",100,"local_memory_overhead","Local Memory Overhead",0.000000%,0.000000%,0.000000%
"NVIDIA GeForce GTX 1060 (0)","_ZN6alpaka6detail9gpuKernelIN19lulesh_port_kernels48CalcKinematicsAndMonotonicQGradient_kernel_classENS_9ApiCudaRtENS_22AccGpuUniformCudaHipRtIS4_St17integral_constantImLm1EEmEES7_mJEEEvNS_3VecIT2_T3_EET_DpT4_",100,"tex_cache_hit_rate","Unified Cache Hit Rate",29.224367%,29.224367%,29.224367%
"NVIDIA GeForce GTX 1060 (0)","_ZN6alpaka6detail9gpuKernelIN19lulesh_port_kernels48CalcKinematicsAndMonotonicQGradient_kernel_classENS_9ApiCudaRtENS_22AccGpuUniformCudaHipRtIS4_St17integral_constantImLm1EEmEES7_mJEEEvNS_3VecIT2_T3_EET_DpT4_",100,"l2_tex_read_hit_rate","L2 Hit Rate (Texture Reads)",100.000000%,100.000000%,100.000000%
"NVIDIA GeForce GTX 1060 (0)","_ZN6alpaka6detail9gpuKernelIN19lulesh_port_kernels48CalcKinematicsAndMonotonicQGradient_kernel_classENS_9ApiCudaRtENS_22AccGpuUniformCudaHipRtIS4_St17integral_constantImLm1EEmEES7_mJEEEvNS_3VecIT2_T3_EET_DpT4_",100,"l2_tex_write_hit_rate","L2 Hit Rate (Texture Writes)",100.000000%,100.000000%,100.000000%
"NVIDIA GeForce GTX 1060 (0)","_ZN6alpaka6detail9gpuKernelIN19lulesh_port_kernels48CalcKinematicsAndMonotonicQGradient_kernel_classENS_9ApiCudaRtENS_22AccGpuUniformCudaHipRtIS4_St17integral_constantImLm1EEmEES7_mJEEEvNS_3VecIT2_T3_EET_DpT4_",100,"tex_cache_throughput","Unified Cache Throughput",20.544691GB/s,20.805896GB/s,20.681738GB/s
"NVIDIA GeForce GTX 1060 (0)","_ZN6alpaka6detail9gpuKernelIN19lulesh_port_kernels48CalcKinematicsAndMonotonicQGradient_kernel_classENS_9ApiCudaRtENS_22AccGpuUniformCudaHipRtIS4_St17integral_constantImLm1EEmEES7_mJEEEvNS_3VecIT2_T3_EET_DpT4_",100,"l2_tex_read_throughput","L2 Throughput (Texture Reads)",23.989188GB/s,24.294186GB/s,24.149211GB/s
"NVIDIA GeForce GTX 1060 (0)","_ZN6alpaka6detail9gpuKernelIN19lulesh_port_kernels48CalcKinematicsAndMonotonicQGradient_kernel_classENS_9ApiCudaRtENS_22AccGpuUniformCudaHipRtIS4_St17integral_constantImLm1EEmEES7_mJEEEvNS_3VecIT2_T3_EET_DpT4_",100,"l2_tex_write_throughput","L2 Throughput (Texture Writes)",4.731452GB/s,4.791607GB/s,4.763014GB/s
"NVIDIA GeForce GTX 1060 (0)","_ZN6alpaka6detail9gpuKernelIN19lulesh_port_kernels48CalcKinematicsAndMonotonicQGradient_kernel_classENS_9ApiCudaRtENS_22AccGpuUniformCudaHipRtIS4_St17integral_constantImLm1EEmEES7_mJEEEvNS_3VecIT2_T3_EET_DpT4_",100,"l2_read_throughput","L2 Throughput (Reads)",24.303136GB/s,25.709553GB/s,24.801671GB/s
"NVIDIA GeForce GTX 1060 (0)","_ZN6alpaka6detail9gpuKernelIN19lulesh_port_kernels48CalcKinematicsAndMonotonicQGradient_kernel_classENS_9ApiCudaRtENS_22AccGpuUniformCudaHipRtIS4_St17integral_constantImLm1EEmEES7_mJEEEvNS_3VecIT2_T3_EET_DpT4_",100,"l2_write_throughput","L2 Throughput (Writes)",4.750378GB/s,4.810774GB/s,4.782095GB/s
"NVIDIA GeForce GTX 1060 (0)","_ZN6alpaka6detail9gpuKernelIN19lulesh_port_kernels48CalcKinematicsAndMonotonicQGradient_kernel_classENS_9ApiCudaRtENS_22AccGpuUniformCudaHipRtIS4_St17integral_constantImLm1EEmEES7_mJEEEvNS_3VecIT2_T3_EET_DpT4_",100,"sysmem_read_throughput","System Memory Read Throughput",0.000000B/s,0.000000B/s,0.000000B/s
"NVIDIA GeForce GTX 1060 (0)","_ZN6alpaka6detail9gpuKernelIN19lulesh_port_kernels48CalcKinematicsAndMonotonicQGradient_kernel_classENS_9ApiCudaRtENS_22AccGpuUniformCudaHipRtIS4_St17integral_constantImLm1EEmEES7_mJEEEvNS_3VecIT2_T3_EET_DpT4_",100,"sysmem_write_throughput","System Memory Write Throughput",7.453856MB/s,7.548624MB/s,7.503531MB/s
"NVIDIA GeForce GTX 1060 (0)","_ZN6alpaka6detail9gpuKernelIN19lulesh_port_kernels48CalcKinematicsAndMonotonicQGradient_kernel_classENS_9ApiCudaRtENS_22AccGpuUniformCudaHipRtIS4_St17integral_constantImLm1EEmEES7_mJEEEvNS_3VecIT2_T3_EET_DpT4_",100,"local_load_throughput","Local Memory Load Throughput",0.000000B/s,0.000000B/s,0.000000B/s
"NVIDIA GeForce GTX 1060 (0)","_ZN6alpaka6detail9gpuKernelIN19lulesh_port_kernels48CalcKinematicsAndMonotonicQGradient_kernel_classENS_9ApiCudaRtENS_22AccGpuUniformCudaHipRtIS4_St17integral_constantImLm1EEmEES7_mJEEEvNS_3VecIT2_T3_EET_DpT4_",100,"local_store_throughput","Local Memory Store Throughput",0.000000B/s,0.000000B/s,0.000000B/s
"NVIDIA GeForce GTX 1060 (0)","_ZN6alpaka6detail9gpuKernelIN19lulesh_port_kernels48CalcKinematicsAndMonotonicQGradient_kernel_classENS_9ApiCudaRtENS_22AccGpuUniformCudaHipRtIS4_St17integral_constantImLm1EEmEES7_mJEEEvNS_3VecIT2_T3_EET_DpT4_",100,"shared_load_throughput","Shared Memory Load Throughput",0.000000B/s,0.000000B/s,0.000000B/s
"NVIDIA GeForce GTX 1060 (0)","_ZN6alpaka6detail9gpuKernelIN19lulesh_port_kernels48CalcKinematicsAndMonotonicQGradient_kernel_classENS_9ApiCudaRtENS_22AccGpuUniformCudaHipRtIS4_St17integral_constantImLm1EEmEES7_mJEEEvNS_3VecIT2_T3_EET_DpT4_",100,"shared_store_throughput","Shared Memory Store Throughput",0.000000B/s,0.000000B/s,0.000000B/s
"NVIDIA GeForce GTX 1060 (0)","_ZN6alpaka6detail9gpuKernelIN19lulesh_port_kernels48CalcKinematicsAndMonotonicQGradient_kernel_classENS_9ApiCudaRtENS_22AccGpuUniformCudaHipRtIS4_St17integral_constantImLm1EEmEES7_mJEEEvNS_3VecIT2_T3_EET_DpT4_",100,"gld_efficiency","Global Memory Load Efficiency",84.961767%,84.961767%,84.961767%
"NVIDIA GeForce GTX 1060 (0)","_ZN6alpaka6detail9gpuKernelIN19lulesh_port_kernels48CalcKinematicsAndMonotonicQGradient_kernel_classENS_9ApiCudaRtENS_22AccGpuUniformCudaHipRtIS4_St17integral_constantImLm1EEmEES7_mJEEEvNS_3VecIT2_T3_EET_DpT4_",100,"gst_efficiency","Global Memory Store Efficiency",100.000000%,100.000000%,100.000000%
"NVIDIA GeForce GTX 1060 (0)","_ZN6alpaka6detail9gpuKernelIN19lulesh_port_kernels48CalcKinematicsAndMonotonicQGradient_kernel_classENS_9ApiCudaRtENS_22AccGpuUniformCudaHipRtIS4_St17integral_constantImLm1EEmEES7_mJEEEvNS_3VecIT2_T3_EET_DpT4_",100,"tex_cache_transactions","Unified Cache Transactions",14112,14112,14112
"NVIDIA GeForce GTX 1060 (0)","_ZN6alpaka6detail9gpuKernelIN19lulesh_port_kernels48CalcKinematicsAndMonotonicQGradient_kernel_classENS_9ApiCudaRtENS_22AccGpuUniformCudaHipRtIS4_St17integral_constantImLm1EEmEES7_mJEEEvNS_3VecIT2_T3_EET_DpT4_",100,"flop_count_dp","Floating Point Operations(Double Precision)",842013,849000,845209
"NVIDIA GeForce GTX 1060 (0)","_ZN6alpaka6detail9gpuKernelIN19lulesh_port_kernels48CalcKinematicsAndMonotonicQGradient_kernel_classENS_9ApiCudaRtENS_22AccGpuUniformCudaHipRtIS4_St17integral_constantImLm1EEmEES7_mJEEEvNS_3VecIT2_T3_EET_DpT4_",100,"flop_count_dp_add","Floating Point Operations(Double Precision Add)",342000,342000,342000
"NVIDIA GeForce GTX 1060 (0)","_ZN6alpaka6detail9gpuKernelIN19lulesh_port_kernels48CalcKinematicsAndMonotonicQGradient_kernel_classENS_9ApiCudaRtENS_22AccGpuUniformCudaHipRtIS4_St17integral_constantImLm1EEmEES7_mJEEEvNS_3VecIT2_T3_EET_DpT4_",100,"flop_count_dp_fma","Floating Point Operations(Double Precision FMA)",174712,178000,176216
"NVIDIA GeForce GTX 1060 (0)","_ZN6alpaka6detail9gpuKernelIN19lulesh_port_kernels48CalcKinematicsAndMonotonicQGradient_kernel_classENS_9ApiCudaRtENS_22AccGpuUniformCudaHipRtIS4_St17integral_constantImLm1EEmEES7_mJEEEvNS_3VecIT2_T3_EET_DpT4_",100,"flop_count_dp_mul","Floating Point Operations(Double Precision Mul)",150589,151000,150777
"NVIDIA GeForce GTX 1060 (0)","_ZN6alpaka6detail9gpuKernelIN19lulesh_port_kernels48CalcKinematicsAndMonotonicQGradient_kernel_classENS_9ApiCudaRtENS_22AccGpuUniformCudaHipRtIS4_St17integral_constantImLm1EEmEES7_mJEEEvNS_3VecIT2_T3_EET_DpT4_",100,"flop_count_sp","Floating Point Operations(Single Precision)",12000,12000,12000
"NVIDIA GeForce GTX 1060 (0)","_ZN6alpaka6detail9gpuKernelIN19lulesh_port_kernels48CalcKinematicsAndMonotonicQGradient_kernel_classENS_9ApiCudaRtENS_22AccGpuUniformCudaHipRtIS4_St17integral_constantImLm1EEmEES7_mJEEEvNS_3VecIT2_T3_EET_DpT4_",100,"flop_count_sp_add","Floating Point Operations(Single Precision Add)",0,0,0
"NVIDIA GeForce GTX 1060 (0)","_ZN6alpaka6detail9gpuKernelIN19lulesh_port_kernels48CalcKinematicsAndMonotonicQGradient_kernel_classENS_9ApiCudaRtENS_22AccGpuUniformCudaHipRtIS4_St17integral_constantImLm1EEmEES7_mJEEEvNS_3VecIT2_T3_EET_DpT4_",100,"flop_count_sp_fma","Floating Point Operations(Single Precision FMA)",6000,6000,6000
"NVIDIA GeForce GTX 1060 (0)","_ZN6alpaka6detail9gpuKernelIN19lulesh_port_kernels48CalcKinematicsAndMonotonicQGradient_kernel_classENS_9ApiCudaRtENS_22AccGpuUniformCudaHipRtIS4_St17integral_constantImLm1EEmEES7_mJEEEvNS_3VecIT2_T3_EET_DpT4_",100,"flop_count_sp_mul","Floating Point Operation(Single Precision Mul)",0,0,0
"NVIDIA GeForce GTX 1060 (0)","_ZN6alpaka6detail9gpuKernelIN19lulesh_port_kernels48CalcKinematicsAndMonotonicQGradient_kernel_classENS_9ApiCudaRtENS_22AccGpuUniformCudaHipRtIS4_St17integral_constantImLm1EEmEES7_mJEEEvNS_3VecIT2_T3_EET_DpT4_",100,"flop_count_sp_special","Floating Point Operations(Single Precision Special)",12589,13000,12777
"NVIDIA GeForce GTX 1060 (0)","_ZN6alpaka6detail9gpuKernelIN19lulesh_port_kernels48CalcKinematicsAndMonotonicQGradient_kernel_classENS_9ApiCudaRtENS_22AccGpuUniformCudaHipRtIS4_St17integral_constantImLm1EEmEES7_mJEEEvNS_3VecIT2_T3_EET_DpT4_",100,"inst_executed","Instructions Executed",35264,35264,35264
"NVIDIA GeForce GTX 1060 (0)","_ZN6alpaka6detail9gpuKernelIN19lulesh_port_kernels48CalcKinematicsAndMonotonicQGradient_kernel_classENS_9ApiCudaRtENS_22AccGpuUniformCudaHipRtIS4_St17integral_constantImLm1EEmEES7_mJEEEvNS_3VecIT2_T3_EET_DpT4_",100,"inst_issued","Instructions Issued",35679,35748,35680
"NVIDIA GeForce GTX 1060 (0)","_ZN6alpaka6detail9gpuKernelIN19lulesh_port_kernels48CalcKinematicsAndMonotonicQGradient_kernel_classENS_9ApiCudaRtENS_22AccGpuUniformCudaHipRtIS4_St17integral_constantImLm1EEmEES7_mJEEEvNS_3VecIT2_T3_EET_DpT4_",100,"sysmem_utilization","System Memory Utilization","Low (1)","Low (1)","Low (1)"
"NVIDIA GeForce GTX 1060 (0)","_ZN6alpaka6detail9gpuKernelIN19lulesh_port_kernels48CalcKinematicsAndMonotonicQGradient_kernel_classENS_9ApiCudaRtENS_22AccGpuUniformCudaHipRtIS4_St17integral_constantImLm1EEmEES7_mJEEEvNS_3VecIT2_T3_EET_DpT4_",100,"stall_inst_fetch","Issue Stall Reasons (Instructions Fetch)",2.078612%,6.978202%,2.946378%
"NVIDIA GeForce GTX 1060 (0)","_ZN6alpaka6detail9gpuKernelIN19lulesh_port_kernels48CalcKinematicsAndMonotonicQGradient_kernel_classENS_9ApiCudaRtENS_22AccGpuUniformCudaHipRtIS4_St17integral_constantImLm1EEmEES7_mJEEEvNS_3VecIT2_T3_EET_DpT4_",100,"stall_exec_dependency","Issue Stall Reasons (Execution Dependency)",85.590887%,91.152965%,89.374259%
"NVIDIA GeForce GTX 1060 (0)","_ZN6alpaka6detail9gpuKernelIN19lulesh_port_kernels48CalcKinematicsAndMonotonicQGradient_kernel_classENS_9ApiCudaRtENS_22AccGpuUniformCudaHipRtIS4_St17integral_constantImLm1EEmEES7_mJEEEvNS_3VecIT2_T3_EET_DpT4_",100,"stall_memory_dependency","Issue Stall Reasons (Data Request)",1.194699%,2.151218%,1.640651%
"NVIDIA GeForce GTX 1060 (0)","_ZN6alpaka6detail9gpuKernelIN19lulesh_port_kernels48CalcKinematicsAndMonotonicQGradient_kernel_classENS_9ApiCudaRtENS_22AccGpuUniformCudaHipRtIS4_St17integral_constantImLm1EEmEES7_mJEEEvNS_3VecIT2_T3_EET_DpT4_",100,"stall_texture","Issue Stall Reasons (Texture)",0.006250%,0.167500%,0.127977%
"NVIDIA GeForce GTX 1060 (0)","_ZN6alpaka6detail9gpuKernelIN19lulesh_port_kernels48CalcKinematicsAndMonotonicQGradient_kernel_classENS_9ApiCudaRtENS_22AccGpuUniformCudaHipRtIS4_St17integral_constantImLm1EEmEES7_mJEEEvNS_3VecIT2_T3_EET_DpT4_",100,"stall_sync","Issue Stall Reasons (Synchronization)",0.000000%,0.000000%,0.000000%
"NVIDIA GeForce GTX 1060 (0)","_ZN6alpaka6detail9gpuKernelIN19lulesh_port_kernels48CalcKinematicsAndMonotonicQGradient_kernel_classENS_9ApiCudaRtENS_22AccGpuUniformCudaHipRtIS4_St17integral_constantImLm1EEmEES7_mJEEEvNS_3VecIT2_T3_EET_DpT4_",100,"stall_other","Issue Stall Reasons (Other)",0.847625%,2.488788%,1.920253%
"NVIDIA GeForce GTX 1060 (0)","_ZN6alpaka6detail9gpuKernelIN19lulesh_port_kernels48CalcKinematicsAndMonotonicQGradient_kernel_classENS_9ApiCudaRtENS_22AccGpuUniformCudaHipRtIS4_St17integral_constantImLm1EEmEES7_mJEEEvNS_3VecIT2_T3_EET_DpT4_",100,"stall_constant_memory_dependency","Issue Stall Reasons (Immediate constant)",3.471266%,5.678739%,3.879059%
"NVIDIA GeForce GTX 1060 (0)","_ZN6alpaka6detail9gpuKernelIN19lulesh_port_kernels48CalcKinematicsAndMonotonicQGradient_kernel_classENS_9ApiCudaRtENS_22AccGpuUniformCudaHipRtIS4_St17integral_constantImLm1EEmEES7_mJEEEvNS_3VecIT2_T3_EET_DpT4_",100,"stall_pipe_busy","Issue Stall Reasons (Pipe Busy)",0.026765%,0.030495%,0.028898%
"NVIDIA GeForce GTX 1060 (0)","_ZN6alpaka6detail9gpuKernelIN19lulesh_port_kernels48CalcKinematicsAndMonotonicQGradient_kernel_classENS_9ApiCudaRtENS_22AccGpuUniformCudaHipRtIS4_St17integral_constantImLm1EEmEES7_mJEEEvNS_3VecIT2_T3_EET_DpT4_",100,"shared_efficiency","Shared Memory Efficiency",0.000000%,0.000000%,0.000000%
"NVIDIA GeForce GTX 1060 (0)","_ZN6alpaka6detail9gpuKernelIN19lulesh_port_kernels48CalcKinematicsAndMonotonicQGradient_kernel_classENS_9ApiCudaRtENS_22AccGpuUniformCudaHipRtIS4_St17integral_constantImLm1EEmEES7_mJEEEvNS_3VecIT2_T3_EET_DpT4_",100,"inst_fp_32","FP Instructions(Single)",33767,35000,34331
"NVIDIA GeForce GTX 1060 (0)","_ZN6alpaka6detail9gpuKernelIN19lulesh_port_kernels48CalcKinematicsAndMonotonicQGradient_kernel_classENS_9ApiCudaRtENS_22AccGpuUniformCudaHipRtIS4_St17integral_constantImLm1EEmEES7_mJEEEvNS_3VecIT2_T3_EET_DpT4_",100,"inst_fp_64","FP Instructions(Double)",675479,680000,677547
"NVIDIA GeForce GTX 1060 (0)","_ZN6alpaka6detail9gpuKernelIN19lulesh_port_kernels48CalcKinematicsAndMonotonicQGradient_kernel_classENS_9ApiCudaRtENS_22AccGpuUniformCudaHipRtIS4_St17integral_constantImLm1EEmEES7_mJEEEvNS_3VecIT2_T3_EET_DpT4_",100,"inst_integer","Integer Instructions",201287,209096,204859
"NVIDIA GeForce GTX 1060 (0)","_ZN6alpaka6detail9gpuKernelIN19lulesh_port_kernels48CalcKinematicsAndMonotonicQGradient_kernel_classENS_9ApiCudaRtENS_22AccGpuUniformCudaHipRtIS4_St17integral_constantImLm1EEmEES7_mJEEEvNS_3VecIT2_T3_EET_DpT4_",100,"inst_bit_convert","Bit-Convert Instructions",0,0,0
"NVIDIA GeForce GTX 1060 (0)","_ZN6alpaka6detail9gpuKernelIN19lulesh_port_kernels48CalcKinematicsAndMonotonicQGradient_kernel_classENS_9ApiCudaRtENS_22AccGpuUniformCudaHipRtIS4_St17integral_constantImLm1EEmEES7_mJEEEvNS_3VecIT2_T3_EET_DpT4_",100,"inst_control","Control-Flow Instructions",27969,30024,28909
"NVIDIA GeForce GTX 1060 (0)","_ZN6alpaka6detail9gpuKernelIN19lulesh_port_kernels48CalcKinematicsAndMonotonicQGradient_kernel_classENS_9ApiCudaRtENS_22AccGpuUniformCudaHipRtIS4_St17integral_constantImLm1EEmEES7_mJEEEvNS_3VecIT2_T3_EET_DpT4_",100,"inst_compute_ld_st","Load/Store Instructions",73000,73000,73000
"NVIDIA GeForce GTX 1060 (0)","_ZN6alpaka6detail9gpuKernelIN19lulesh_port_kernels48CalcKinematicsAndMonotonicQGradient_kernel_classENS_9ApiCudaRtENS_22AccGpuUniformCudaHipRtIS4_St17integral_constantImLm1EEmEES7_mJEEEvNS_3VecIT2_T3_EET_DpT4_",100,"inst_misc","Misc Instructions",57698,65096,61082
"NVIDIA GeForce GTX 1060 (0)","_ZN6alpaka6detail9gpuKernelIN19lulesh_port_kernels48CalcKinematicsAndMonotonicQGradient_kernel_classENS_9ApiCudaRtENS_22AccGpuUniformCudaHipRtIS4_St17integral_constantImLm1EEmEES7_mJEEEvNS_3VecIT2_T3_EET_DpT4_",100,"inst_inter_thread_communication","Inter-Thread Instructions",0,0,0
"NVIDIA GeForce GTX 1060 (0)","_ZN6alpaka6detail9gpuKernelIN19lulesh_port_kernels48CalcKinematicsAndMonotonicQGradient_kernel_classENS_9ApiCudaRtENS_22AccGpuUniformCudaHipRtIS4_St17integral_constantImLm1EEmEES7_mJEEEvNS_3VecIT2_T3_EET_DpT4_",100,"issue_slots","Issue Slots",34143,34212,34144
"NVIDIA GeForce GTX 1060 (0)","_ZN6alpaka6detail9gpuKernelIN19lulesh_port_kernels48CalcKinematicsAndMonotonicQGradient_kernel_classENS_9ApiCudaRtENS_22AccGpuUniformCudaHipRtIS4_St17integral_constantImLm1EEmEES7_mJEEEvNS_3VecIT2_T3_EET_DpT4_",100,"cf_issued","Issued Control-Flow Instructions",1120,1120,1120
"NVIDIA GeForce GTX 1060 (0)","_ZN6alpaka6detail9gpuKernelIN19lulesh_port_kernels48CalcKinematicsAndMonotonicQGradient_kernel_classENS_9ApiCudaRtENS_22AccGpuUniformCudaHipRtIS4_St17integral_constantImLm1EEmEES7_mJEEEvNS_3VecIT2_T3_EET_DpT4_",100,"cf_executed","Executed Control-Flow Instructions",1120,1120,1120
"NVIDIA GeForce GTX 1060 (0)","_ZN6alpaka6detail9gpuKernelIN19lulesh_port_kernels48CalcKinematicsAndMonotonicQGradient_kernel_classENS_9ApiCudaRtENS_22AccGpuUniformCudaHipRtIS4_St17integral_constantImLm1EEmEES7_mJEEEvNS_3VecIT2_T3_EET_DpT4_",100,"ldst_issued","Issued Load/Store Instructions",10874,10874,10874
"NVIDIA GeForce GTX 1060 (0)","_ZN6alpaka6detail9gpuKernelIN19lulesh_port_kernels48CalcKinematicsAndMonotonicQGradient_kernel_classENS_9ApiCudaRtENS_22AccGpuUniformCudaHipRtIS4_St17integral_constantImLm1EEmEES7_mJEEEvNS_3VecIT2_T3_EET_DpT4_",100,"ldst_executed","Executed Load/Store Instructions",2400,2400,2400
"NVIDIA GeForce GTX 1060 (0)","_ZN6alpaka6detail9gpuKernelIN19lulesh_port_kernels48CalcKinematicsAndMonotonicQGradient_kernel_classENS_9ApiCudaRtENS_22AccGpuUniformCudaHipRtIS4_St17integral_constantImLm1EEmEES7_mJEEEvNS_3VecIT2_T3_EET_DpT4_",100,"atomic_transactions","Atomic Transactions",0,0,0
"NVIDIA GeForce GTX 1060 (0)","_ZN6alpaka6detail9gpuKernelIN19lulesh_port_kernels48CalcKinematicsAndMonotonicQGradient_kernel_classENS_9ApiCudaRtENS_22AccGpuUniformCudaHipRtIS4_St17integral_constantImLm1EEmEES7_mJEEEvNS_3VecIT2_T3_EET_DpT4_",100,"atomic_transactions_per_request","Atomic Transactions Per Request",0.000000,0.000000,0.000000
"NVIDIA GeForce GTX 1060 (0)","_ZN6alpaka6detail9gpuKernelIN19lulesh_port_kernels48CalcKinematicsAndMonotonicQGradient_kernel_classENS_9ApiCudaRtENS_22AccGpuUniformCudaHipRtIS4_St17integral_constantImLm1EEmEES7_mJEEEvNS_3VecIT2_T3_EET_DpT4_",100,"l2_atomic_throughput","L2 Throughput (Atomic requests)",0.000000B/s,0.000000B/s,0.000000B/s
"NVIDIA GeForce GTX 1060 (0)","_ZN6alpaka6detail9gpuKernelIN19lulesh_port_kernels48CalcKinematicsAndMonotonicQGradient_kernel_classENS_9ApiCudaRtENS_22AccGpuUniformCudaHipRtIS4_St17integral_constantImLm1EEmEES7_mJEEEvNS_3VecIT2_T3_EET_DpT4_",100,"l2_atomic_transactions","L2 Transactions (Atomic requests)",0,0,0
"NVIDIA GeForce GTX 1060 (0)","_ZN6alpaka6detail9gpuKernelIN19lulesh_port_kernels48CalcKinematicsAndMonotonicQGradient_kernel_classENS_9ApiCudaRtENS_22AccGpuUniformCudaHipRtIS4_St17integral_constantImLm1EEmEES7_mJEEEvNS_3VecIT2_T3_EET_DpT4_",100,"l2_tex_read_transactions","L2 Transactions (Texture Reads)",16478,16478,16478
"NVIDIA GeForce GTX 1060 (0)","_ZN6alpaka6detail9gpuKernelIN19lulesh_port_kernels48CalcKinematicsAndMonotonicQGradient_kernel_classENS_9ApiCudaRtENS_22AccGpuUniformCudaHipRtIS4_St17integral_constantImLm1EEmEES7_mJEEEvNS_3VecIT2_T3_EET_DpT4_",100,"stall_memory_throttle","Issue Stall Reasons (Memory Throttle)",0.076470%,0.087127%,0.082526%
"NVIDIA GeForce GTX 1060 (0)","_ZN6alpaka6detail9gpuKernelIN19lulesh_port_kernels48CalcKinematicsAndMonotonicQGradient_kernel_classENS_9ApiCudaRtENS_22AccGpuUniformCudaHipRtIS4_St17integral_constantImLm1EEmEES7_mJEEEvNS_3VecIT2_T3_EET_DpT4_",100,"stall_not_selected","Issue Stall Reasons (Not Selected)",0.000000%,0.000000%,0.000000%
"NVIDIA GeForce GTX 1060 (0)","_ZN6alpaka6detail9gpuKernelIN19lulesh_port_kernels48CalcKinematicsAndMonotonicQGradient_kernel_classENS_9ApiCudaRtENS_22AccGpuUniformCudaHipRtIS4_St17integral_constantImLm1EEmEES7_mJEEEvNS_3VecIT2_T3_EET_DpT4_",100,"l2_tex_write_transactions","L2 Transactions (Texture Writes)",3250,3250,3250
"NVIDIA GeForce GTX 1060 (0)","_ZN6alpaka6detail9gpuKernelIN19lulesh_port_kernels48CalcKinematicsAndMonotonicQGradient_kernel_classENS_9ApiCudaRtENS_22AccGpuUniformCudaHipRtIS4_St17integral_constantImLm1EEmEES7_mJEEEvNS_3VecIT2_T3_EET_DpT4_",100,"flop_count_hp","Floating Point Operations(Half Precision)",0,0,0
"NVIDIA GeForce GTX 1060 (0)","_ZN6alpaka6detail9gpuKernelIN19lulesh_port_kernels48CalcKinematicsAndMonotonicQGradient_kernel_classENS_9ApiCudaRtENS_22AccGpuUniformCudaHipRtIS4_St17integral_constantImLm1EEmEES7_mJEEEvNS_3VecIT2_T3_EET_DpT4_",100,"flop_count_hp_add","Floating Point Operations(Half Precision Add)",0,0,0
"NVIDIA GeForce GTX 1060 (0)","_ZN6alpaka6detail9gpuKernelIN19lulesh_port_kernels48CalcKinematicsAndMonotonicQGradient_kernel_classENS_9ApiCudaRtENS_22AccGpuUniformCudaHipRtIS4_St17integral_constantImLm1EEmEES7_mJEEEvNS_3VecIT2_T3_EET_DpT4_",100,"flop_count_hp_mul","Floating Point Operation(Half Precision Mul)",0,0,0
"NVIDIA GeForce GTX 1060 (0)","_ZN6alpaka6detail9gpuKernelIN19lulesh_port_kernels48CalcKinematicsAndMonotonicQGradient_kernel_classENS_9ApiCudaRtENS_22AccGpuUniformCudaHipRtIS4_St17integral_constantImLm1EEmEES7_mJEEEvNS_3VecIT2_T3_EET_DpT4_",100,"flop_count_hp_fma","Floating Point Operations(Half Precision FMA)",0,0,0
"NVIDIA GeForce GTX 1060 (0)","_ZN6alpaka6detail9gpuKernelIN19lulesh_port_kernels48CalcKinematicsAndMonotonicQGradient_kernel_classENS_9ApiCudaRtENS_22AccGpuUniformCudaHipRtIS4_St17integral_constantImLm1EEmEES7_mJEEEvNS_3VecIT2_T3_EET_DpT4_",100,"inst_fp_16","HP Instructions(Half)",0,0,0
"NVIDIA GeForce GTX 1060 (0)","_ZN6alpaka6detail9gpuKernelIN19lulesh_port_kernels48CalcKinematicsAndMonotonicQGradient_kernel_classENS_9ApiCudaRtENS_22AccGpuUniformCudaHipRtIS4_St17integral_constantImLm1EEmEES7_mJEEEvNS_3VecIT2_T3_EET_DpT4_",100,"sysmem_read_utilization","System Memory Read Utilization","Idle (0)","Idle (0)","Idle (0)"
"NVIDIA GeForce GTX 1060 (0)","_ZN6alpaka6detail9gpuKernelIN19lulesh_port_kernels48CalcKinematicsAndMonotonicQGradient_kernel_classENS_9ApiCudaRtENS_22AccGpuUniformCudaHipRtIS4_St17integral_constantImLm1EEmEES7_mJEEEvNS_3VecIT2_T3_EET_DpT4_",100,"sysmem_write_utilization","System Memory Write Utilization","Low (1)","Low (1)","Low (1)"
"NVIDIA GeForce GTX 1060 (0)","_ZN6alpaka6detail9gpuKernelIN19lulesh_port_kernels48CalcKinematicsAndMonotonicQGradient_kernel_classENS_9ApiCudaRtENS_22AccGpuUniformCudaHipRtIS4_St17integral_constantImLm1EEmEES7_mJEEEvNS_3VecIT2_T3_EET_DpT4_",100,"pcie_total_data_transmitted","PCIe Total Data Transmitted",0,512,225
"NVIDIA GeForce GTX 1060 (0)","_ZN6alpaka6detail9gpuKernelIN19lulesh_port_kernels48CalcKinematicsAndMonotonicQGradient_kernel_classENS_9ApiCudaRtENS_22AccGpuUniformCudaHipRtIS4_St17integral_constantImLm1EEmEES7_mJEEEvNS_3VecIT2_T3_EET_DpT4_",100,"pcie_total_data_received","PCIe Total Data Received",0,512,71
"NVIDIA GeForce GTX 1060 (0)","_ZN6alpaka6detail9gpuKernelIN19lulesh_port_kernels48CalcKinematicsAndMonotonicQGradient_kernel_classENS_9ApiCudaRtENS_22AccGpuUniformCudaHipRtIS4_St17integral_constantImLm1EEmEES7_mJEEEvNS_3VecIT2_T3_EET_DpT4_",100,"inst_executed_global_loads","Warp level instructions for global loads",1920,1920,1920
"NVIDIA GeForce GTX 1060 (0)","_ZN6alpaka6detail9gpuKernelIN19lulesh_port_kernels48CalcKinematicsAndMonotonicQGradient_kernel_classENS_9ApiCudaRtENS_22AccGpuUniformCudaHipRtIS4_St17integral_constantImLm1EEmEES7_mJEEEvNS_3VecIT2_T3_EET_DpT4_",100,"inst_executed_local_loads","Warp level instructions for local loads",0,0,0
"NVIDIA GeForce GTX 1060 (0)","_ZN6alpaka6detail9gpuKernelIN19lulesh_port_kernels48CalcKinematicsAndMonotonicQGradient_kernel_classENS_9ApiCudaRtENS_22AccGpuUniformCudaHipRtIS4_St17integral_constantImLm1EEmEES7_mJEEEvNS_3VecIT2_T3_EET_DpT4_",100,"inst_executed_shared_loads","Warp level instructions for shared loads",0,0,0
"NVIDIA GeForce GTX 1060 (0)","_ZN6alpaka6detail9gpuKernelIN19lulesh_port_kernels48CalcKinematicsAndMonotonicQGradient_kernel_classENS_9ApiCudaRtENS_22AccGpuUniformCudaHipRtIS4_St17integral_constantImLm1EEmEES7_mJEEEvNS_3VecIT2_T3_EET_DpT4_",100,"inst_executed_surface_loads","Warp level instructions for surface loads",0,0,0
"NVIDIA GeForce GTX 1060 (0)","_ZN6alpaka6detail9gpuKernelIN19lulesh_port_kernels48CalcKinematicsAndMonotonicQGradient_kernel_classENS_9ApiCudaRtENS_22AccGpuUniformCudaHipRtIS4_St17integral_constantImLm1EEmEES7_mJEEEvNS_3VecIT2_T3_EET_DpT4_",100,"inst_executed_global_stores","Warp level instructions for global stores",416,416,416
"NVIDIA GeForce GTX 1060 (0)","_ZN6alpaka6detail9gpuKernelIN19lulesh_port_kernels48CalcKinematicsAndMonotonicQGradient_kernel_classENS_9ApiCudaRtENS_22AccGpuUniformCudaHipRtIS4_St17integral_constantImLm1EEmEES7_mJEEEvNS_3VecIT2_T3_EET_DpT4_",100,"inst_executed_local_stores","Warp level instructions for local stores",0,0,0
"NVIDIA GeForce GTX 1060 (0)","_ZN6alpaka6detail9gpuKernelIN19lulesh_port_kernels48CalcKinematicsAndMonotonicQGradient_kernel_classENS_9ApiCudaRtENS_22AccGpuUniformCudaHipRtIS4_St17integral_constantImLm1EEmEES7_mJEEEvNS_3VecIT2_T3_EET_DpT4_",100,"inst_executed_shared_stores","Warp level instructions for shared stores",0,0,0
"NVIDIA GeForce GTX 1060 (0)","_ZN6alpaka6detail9gpuKernelIN19lulesh_port_kernels48CalcKinematicsAndMonotonicQGradient_kernel_classENS_9ApiCudaRtENS_22AccGpuUniformCudaHipRtIS4_St17integral_constantImLm1EEmEES7_mJEEEvNS_3VecIT2_T3_EET_DpT4_",100,"inst_executed_surface_stores","Warp level instructions for surface stores",0,0,0
"NVIDIA GeForce GTX 1060 (0)","_ZN6alpaka6detail9gpuKernelIN19lulesh_port_kernels48CalcKinematicsAndMonotonicQGradient_kernel_classENS_9ApiCudaRtENS_22AccGpuUniformCudaHipRtIS4_St17integral_constantImLm1EEmEES7_mJEEEvNS_3VecIT2_T3_EET_DpT4_",100,"inst_executed_global_atomics","Warp level instructions for global atom and atom cas",0,0,0
"NVIDIA GeForce GTX 1060 (0)","_ZN6alpaka6detail9gpuKernelIN19lulesh_port_kernels48CalcKinematicsAndMonotonicQGradient_kernel_classENS_9ApiCudaRtENS_22AccGpuUniformCudaHipRtIS4_St17integral_constantImLm1EEmEES7_mJEEEvNS_3VecIT2_T3_EET_DpT4_",100,"inst_executed_global_reductions","Warp level instructions for global reductions",0,0,0
"NVIDIA GeForce GTX 1060 (0)","_ZN6alpaka6detail9gpuKernelIN19lulesh_port_kernels48CalcKinematicsAndMonotonicQGradient_kernel_classENS_9ApiCudaRtENS_22AccGpuUniformCudaHipRtIS4_St17integral_constantImLm1EEmEES7_mJEEEvNS_3VecIT2_T3_EET_DpT4_",100,"inst_executed_surface_atomics","Warp level instructions for surface atom and atom cas",0,0,0
"NVIDIA GeForce GTX 1060 (0)","_ZN6alpaka6detail9gpuKernelIN19lulesh_port_kernels48CalcKinematicsAndMonotonicQGradient_kernel_classENS_9ApiCudaRtENS_22AccGpuUniformCudaHipRtIS4_St17integral_constantImLm1EEmEES7_mJEEEvNS_3VecIT2_T3_EET_DpT4_",100,"inst_executed_surface_reductions","Warp level instructions for surface reductions",0,0,0
"NVIDIA GeForce GTX 1060 (0)","_ZN6alpaka6detail9gpuKernelIN19lulesh_port_kernels48CalcKinematicsAndMonotonicQGradient_kernel_classENS_9ApiCudaRtENS_22AccGpuUniformCudaHipRtIS4_St17integral_constantImLm1EEmEES7_mJEEEvNS_3VecIT2_T3_EET_DpT4_",100,"inst_executed_shared_atomics","Warp level shared instructions for atom and atom CAS",0,0,0
"NVIDIA GeForce GTX 1060 (0)","_ZN6alpaka6detail9gpuKernelIN19lulesh_port_kernels48CalcKinematicsAndMonotonicQGradient_kernel_classENS_9ApiCudaRtENS_22AccGpuUniformCudaHipRtIS4_St17integral_constantImLm1EEmEES7_mJEEEvNS_3VecIT2_T3_EET_DpT4_",100,"inst_executed_tex_ops","Warp level instructions for texture",0,0,0
"NVIDIA GeForce GTX 1060 (0)","_ZN6alpaka6detail9gpuKernelIN19lulesh_port_kernels48CalcKinematicsAndMonotonicQGradient_kernel_classENS_9ApiCudaRtENS_22AccGpuUniformCudaHipRtIS4_St17integral_constantImLm1EEmEES7_mJEEEvNS_3VecIT2_T3_EET_DpT4_",100,"l2_global_load_bytes","Bytes read from L2 for misses in Unified Cache for global loads",527296,527296,527296
"NVIDIA GeForce GTX 1060 (0)","_ZN6alpaka6detail9gpuKernelIN19lulesh_port_kernels48CalcKinematicsAndMonotonicQGradient_kernel_classENS_9ApiCudaRtENS_22AccGpuUniformCudaHipRtIS4_St17integral_constantImLm1EEmEES7_mJEEEvNS_3VecIT2_T3_EET_DpT4_",100,"l2_local_load_bytes","Bytes read from L2 for misses in Unified Cache for local loads",0,0,0
"NVIDIA GeForce GTX 1060 (0)","_ZN6alpaka6detail9gpuKernelIN19lulesh_port_kernels48CalcKinematicsAndMonotonicQGradient_kernel_classENS_9ApiCudaRtENS_22AccGpuUniformCudaHipRtIS4_St17integral_constantImLm1EEmEES7_mJEEEvNS_3VecIT2_T3_EET_DpT4_",100,"l2_surface_load_bytes","Bytes read from L2 for misses in Unified Cache for surface loads",0,0,0
"NVIDIA GeForce GTX 1060 (0)","_ZN6alpaka6detail9gpuKernelIN19lulesh_port_kernels48CalcKinematicsAndMonotonicQGradient_kernel_classENS_9ApiCudaRtENS_22AccGpuUniformCudaHipRtIS4_St17integral_constantImLm1EEmEES7_mJEEEvNS_3VecIT2_T3_EET_DpT4_",100,"l2_local_global_store_bytes","Bytes written to L2 from Unified Cache for local and global stores.",104000,104000,104000
"NVIDIA GeForce GTX 1060 (0)","_ZN6alpaka6detail9gpuKernelIN19lulesh_port_kernels48CalcKinematicsAndMonotonicQGradient_kernel_classENS_9ApiCudaRtENS_22AccGpuUniformCudaHipRtIS4_St17integral_constantImLm1EEmEES7_mJEEEvNS_3VecIT2_T3_EET_DpT4_",100,"l2_global_reduction_bytes","Bytes written to L2 from Unified cache for global reductions",0,0,0
"NVIDIA GeForce GTX 1060 (0)","_ZN6alpaka6detail9gpuKernelIN19lulesh_port_kernels48CalcKinematicsAndMonotonicQGradient_kernel_classENS_9ApiCudaRtENS_22AccGpuUniformCudaHipRtIS4_St17integral_constantImLm1EEmEES7_mJEEEvNS_3VecIT2_T3_EET_DpT4_",100,"l2_global_atomic_store_bytes","Bytes written to L2 from Unified cache for global atomics",0,0,0
"NVIDIA GeForce GTX 1060 (0)","_ZN6alpaka6detail9gpuKernelIN19lulesh_port_kernels48CalcKinematicsAndMonotonicQGradient_kernel_classENS_9ApiCudaRtENS_22AccGpuUniformCudaHipRtIS4_St17integral_constantImLm1EEmEES7_mJEEEvNS_3VecIT2_T3_EET_DpT4_",100,"l2_surface_store_bytes","Bytes written to L2 from Unified Cache for surface stores.",0,0,0
"NVIDIA GeForce GTX 1060 (0)","_ZN6alpaka6detail9gpuKernelIN19lulesh_port_kernels48CalcKinematicsAndMonotonicQGradient_kernel_classENS_9ApiCudaRtENS_22AccGpuUniformCudaHipRtIS4_St17integral_constantImLm1EEmEES7_mJEEEvNS_3VecIT2_T3_EET_DpT4_",100,"l2_surface_reduction_bytes","Bytes written to L2 from Unified Cache for surface reductions",0,0,0
"NVIDIA GeForce GTX 1060 (0)","_ZN6alpaka6detail9gpuKernelIN19lulesh_port_kernels48CalcKinematicsAndMonotonicQGradient_kernel_classENS_9ApiCudaRtENS_22AccGpuUniformCudaHipRtIS4_St17integral_constantImLm1EEmEES7_mJEEEvNS_3VecIT2_T3_EET_DpT4_",100,"l2_surface_atomic_store_bytes","Bytes transferred between Unified Cache and L2 for surface atomics",0,0,0
"NVIDIA GeForce GTX 1060 (0)","_ZN6alpaka6detail9gpuKernelIN19lulesh_port_kernels48CalcKinematicsAndMonotonicQGradient_kernel_classENS_9ApiCudaRtENS_22AccGpuUniformCudaHipRtIS4_St17integral_constantImLm1EEmEES7_mJEEEvNS_3VecIT2_T3_EET_DpT4_",100,"global_load_requests","Total number of global load requests from Multiprocessor",7560,7560,7560
"NVIDIA GeForce GTX 1060 (0)","_ZN6alpaka6detail9gpuKernelIN19lulesh_port_kernels48CalcKinematicsAndMonotonicQGradient_kernel_classENS_9ApiCudaRtENS_22AccGpuUniformCudaHipRtIS4_St17integral_constantImLm1EEmEES7_mJEEEvNS_3VecIT2_T3_EET_DpT4_",100,"local_load_requests","Total number of local load requests from Multiprocessor",0,0,0
"NVIDIA GeForce GTX 1060 (0)","_ZN6alpaka6detail9gpuKernelIN19lulesh_port_kernels48CalcKinematicsAndMonotonicQGradient_kernel_classENS_9ApiCudaRtENS_22AccGpuUniformCudaHipRtIS4_St17integral_constantImLm1EEmEES7_mJEEEvNS_3VecIT2_T3_EET_DpT4_",100,"surface_load_requests","Total number of surface load requests from Multiprocessor",0,0,0
"NVIDIA GeForce GTX 1060 (0)","_ZN6alpaka6detail9gpuKernelIN19lulesh_port_kernels48CalcKinematicsAndMonotonicQGradient_kernel_classENS_9ApiCudaRtENS_22AccGpuUniformCudaHipRtIS4_St17integral_constantImLm1EEmEES7_mJEEEvNS_3VecIT2_T3_EET_DpT4_",100,"global_store_requests","Total number of global store requests from Multiprocessor",3250,3250,3250
"NVIDIA GeForce GTX 1060 (0)","_ZN6alpaka6detail9gpuKernelIN19lulesh_port_kernels48CalcKinematicsAndMonotonicQGradient_kernel_classENS_9ApiCudaRtENS_22AccGpuUniformCudaHipRtIS4_St17integral_constantImLm1EEmEES7_mJEEEvNS_3VecIT2_T3_EET_DpT4_",100,"local_store_requests","Total number of local store requests from Multiprocessor",0,0,0
"NVIDIA GeForce GTX 1060 (0)","_ZN6alpaka6detail9gpuKernelIN19lulesh_port_kernels48CalcKinematicsAndMonotonicQGradient_kernel_classENS_9ApiCudaRtENS_22AccGpuUniformCudaHipRtIS4_St17integral_constantImLm1EEmEES7_mJEEEvNS_3VecIT2_T3_EET_DpT4_",100,"surface_store_requests","Total number of surface store requests from Multiprocessor",0,0,0
"NVIDIA GeForce GTX 1060 (0)","_ZN6alpaka6detail9gpuKernelIN19lulesh_port_kernels48CalcKinematicsAndMonotonicQGradient_kernel_classENS_9ApiCudaRtENS_22AccGpuUniformCudaHipRtIS4_St17integral_constantImLm1EEmEES7_mJEEEvNS_3VecIT2_T3_EET_DpT4_",100,"global_atomic_requests","Total number of global atomic requests from Multiprocessor",0,0,0
"NVIDIA GeForce GTX 1060 (0)","_ZN6alpaka6detail9gpuKernelIN19lulesh_port_kernels48CalcKinematicsAndMonotonicQGradient_kernel_classENS_9ApiCudaRtENS_22AccGpuUniformCudaHipRtIS4_St17integral_constantImLm1EEmEES7_mJEEEvNS_3VecIT2_T3_EET_DpT4_",100,"global_reduction_requests","Total number of global reduction requests from Multiprocessor",0,0,0
"NVIDIA GeForce GTX 1060 (0)","_ZN6alpaka6detail9gpuKernelIN19lulesh_port_kernels48CalcKinematicsAndMonotonicQGradient_kernel_classENS_9ApiCudaRtENS_22AccGpuUniformCudaHipRtIS4_St17integral_constantImLm1EEmEES7_mJEEEvNS_3VecIT2_T3_EET_DpT4_",100,"surface_atomic_requests","Total number of surface atomic requests from Multiprocessor",0,0,0
"NVIDIA GeForce GTX 1060 (0)","_ZN6alpaka6detail9gpuKernelIN19lulesh_port_kernels48CalcKinematicsAndMonotonicQGradient_kernel_classENS_9ApiCudaRtENS_22AccGpuUniformCudaHipRtIS4_St17integral_constantImLm1EEmEES7_mJEEEvNS_3VecIT2_T3_EET_DpT4_",100,"surface_reduction_requests","Total number of surface reduction requests from Multiprocessor",0,0,0
"NVIDIA GeForce GTX 1060 (0)","_ZN6alpaka6detail9gpuKernelIN19lulesh_port_kernels48CalcKinematicsAndMonotonicQGradient_kernel_classENS_9ApiCudaRtENS_22AccGpuUniformCudaHipRtIS4_St17integral_constantImLm1EEmEES7_mJEEEvNS_3VecIT2_T3_EET_DpT4_",100,"sysmem_read_bytes","System Memory Read Bytes",0,0,0
"NVIDIA GeForce GTX 1060 (0)","_ZN6alpaka6detail9gpuKernelIN19lulesh_port_kernels48CalcKinematicsAndMonotonicQGradient_kernel_classENS_9ApiCudaRtENS_22AccGpuUniformCudaHipRtIS4_St17integral_constantImLm1EEmEES7_mJEEEvNS_3VecIT2_T3_EET_DpT4_",100,"sysmem_write_bytes","System Memory Write Bytes",160,160,160
"NVIDIA GeForce GTX 1060 (0)","_ZN6alpaka6detail9gpuKernelIN19lulesh_port_kernels48CalcKinematicsAndMonotonicQGradient_kernel_classENS_9ApiCudaRtENS_22AccGpuUniformCudaHipRtIS4_St17integral_constantImLm1EEmEES7_mJEEEvNS_3VecIT2_T3_EET_DpT4_",100,"l2_tex_hit_rate","L2 Cache Hit Rate",100.000000%,100.000000%,100.000000%
"NVIDIA GeForce GTX 1060 (0)","_ZN6alpaka6detail9gpuKernelIN19lulesh_port_kernels48CalcKinematicsAndMonotonicQGradient_kernel_classENS_9ApiCudaRtENS_22AccGpuUniformCudaHipRtIS4_St17integral_constantImLm1EEmEES7_mJEEEvNS_3VecIT2_T3_EET_DpT4_",100,"texture_load_requests","Total number of texture Load requests from Multiprocessor",0,0,0
"NVIDIA GeForce GTX 1060 (0)","_ZN6alpaka6detail9gpuKernelIN19lulesh_port_kernels48CalcKinematicsAndMonotonicQGradient_kernel_classENS_9ApiCudaRtENS_22AccGpuUniformCudaHipRtIS4_St17integral_constantImLm1EEmEES7_mJEEEvNS_3VecIT2_T3_EET_DpT4_",100,"unique_warps_launched","Number of warps launched",32,32,32
"NVIDIA GeForce GTX 1060 (0)","_ZN6alpaka6detail9gpuKernelIN19lulesh_port_kernels48CalcKinematicsAndMonotonicQGradient_kernel_classENS_9ApiCudaRtENS_22AccGpuUniformCudaHipRtIS4_St17integral_constantImLm1EEmEES7_mJEEEvNS_3VecIT2_T3_EET_DpT4_",100,"sm_efficiency","Multiprocessor Activity",76.879161%,89.532593%,83.132293%
"NVIDIA GeForce GTX 1060 (0)","_ZN6alpaka6detail9gpuKernelIN19lulesh_port_kernels48CalcKinematicsAndMonotonicQGradient_kernel_classENS_9ApiCudaRtENS_22AccGpuUniformCudaHipRtIS4_St17integral_constantImLm1EEmEES7_mJEEEvNS_3VecIT2_T3_EET_DpT4_",100,"achieved_occupancy","Achieved Occupancy",0.049943,0.052617,0.051288
"NVIDIA GeForce GTX 1060 (0)","_ZN6alpaka6detail9gpuKernelIN19lulesh_port_kernels48CalcKinematicsAndMonotonicQGradient_kernel_classENS_9ApiCudaRtENS_22AccGpuUniformCudaHipRtIS4_St17integral_constantImLm1EEmEES7_mJEEEvNS_3VecIT2_T3_EET_DpT4_",100,"ipc","Executed IPC",0.130186,0.154316,0.142703
"NVIDIA GeForce GTX 1060 (0)","_ZN6alpaka6detail9gpuKernelIN19lulesh_port_kernels48CalcKinematicsAndMonotonicQGradient_kernel_classENS_9ApiCudaRtENS_22AccGpuUniformCudaHipRtIS4_St17integral_constantImLm1EEmEES7_mJEEEvNS_3VecIT2_T3_EET_DpT4_",100,"issued_ipc","Issued IPC",0.131719,0.156136,0.144098
"NVIDIA GeForce GTX 1060 (0)","_ZN6alpaka6detail9gpuKernelIN19lulesh_port_kernels48CalcKinematicsAndMonotonicQGradient_kernel_classENS_9ApiCudaRtENS_22AccGpuUniformCudaHipRtIS4_St17integral_constantImLm1EEmEES7_mJEEEvNS_3VecIT2_T3_EET_DpT4_",100,"issue_slot_utilization","Issue Slot Utilization",3.151211%,3.735373%,3.447371%
"NVIDIA GeForce GTX 1060 (0)","_ZN6alpaka6detail9gpuKernelIN19lulesh_port_kernels48CalcKinematicsAndMonotonicQGradient_kernel_classENS_9ApiCudaRtENS_22AccGpuUniformCudaHipRtIS4_St17integral_constantImLm1EEmEES7_mJEEEvNS_3VecIT2_T3_EET_DpT4_",100,"eligible_warps_per_cycle","Eligible Warps Per Active Cycle",0.126044,0.149157,0.137067
"NVIDIA GeForce GTX 1060 (0)","_ZN6alpaka6detail9gpuKernelIN19lulesh_port_kernels48CalcKinematicsAndMonotonicQGradient_kernel_classENS_9ApiCudaRtENS_22AccGpuUniformCudaHipRtIS4_St17integral_constantImLm1EEmEES7_mJEEEvNS_3VecIT2_T3_EET_DpT4_",100,"tex_utilization","Unified Cache Utilization","Low (1)","Low (1)","Low (1)"
"NVIDIA GeForce GTX 1060 (0)","_ZN6alpaka6detail9gpuKernelIN19lulesh_port_kernels48CalcKinematicsAndMonotonicQGradient_kernel_classENS_9ApiCudaRtENS_22AccGpuUniformCudaHipRtIS4_St17integral_constantImLm1EEmEES7_mJEEEvNS_3VecIT2_T3_EET_DpT4_",100,"l2_utilization","L2 Cache Utilization","Low (1)","Low (1)","Low (1)"
"NVIDIA GeForce GTX 1060 (0)","_ZN6alpaka6detail9gpuKernelIN19lulesh_port_kernels48CalcKinematicsAndMonotonicQGradient_kernel_classENS_9ApiCudaRtENS_22AccGpuUniformCudaHipRtIS4_St17integral_constantImLm1EEmEES7_mJEEEvNS_3VecIT2_T3_EET_DpT4_",100,"shared_utilization","Shared Memory Utilization","Idle (0)","Idle (0)","Idle (0)"
"NVIDIA GeForce GTX 1060 (0)","_ZN6alpaka6detail9gpuKernelIN19lulesh_port_kernels48CalcKinematicsAndMonotonicQGradient_kernel_classENS_9ApiCudaRtENS_22AccGpuUniformCudaHipRtIS4_St17integral_constantImLm1EEmEES7_mJEEEvNS_3VecIT2_T3_EET_DpT4_",100,"ldst_fu_utilization","Load/Store Function Unit Utilization","Low (1)","Low (1)","Low (1)"
"NVIDIA GeForce GTX 1060 (0)","_ZN6alpaka6detail9gpuKernelIN19lulesh_port_kernels48CalcKinematicsAndMonotonicQGradient_kernel_classENS_9ApiCudaRtENS_22AccGpuUniformCudaHipRtIS4_St17integral_constantImLm1EEmEES7_mJEEEvNS_3VecIT2_T3_EET_DpT4_",100,"cf_fu_utilization","Control-Flow Function Unit Utilization","Low (1)","Low (1)","Low (1)"
"NVIDIA GeForce GTX 1060 (0)","_ZN6alpaka6detail9gpuKernelIN19lulesh_port_kernels48CalcKinematicsAndMonotonicQGradient_kernel_classENS_9ApiCudaRtENS_22AccGpuUniformCudaHipRtIS4_St17integral_constantImLm1EEmEES7_mJEEEvNS_3VecIT2_T3_EET_DpT4_",100,"special_fu_utilization","Special Function Unit Utilization","Low (1)","Low (1)","Low (1)"
"NVIDIA GeForce GTX 1060 (0)","_ZN6alpaka6detail9gpuKernelIN19lulesh_port_kernels48CalcKinematicsAndMonotonicQGradient_kernel_classENS_9ApiCudaRtENS_22AccGpuUniformCudaHipRtIS4_St17integral_constantImLm1EEmEES7_mJEEEvNS_3VecIT2_T3_EET_DpT4_",100,"tex_fu_utilization","Texture Function Unit Utilization","Low (1)","Low (1)","Low (1)"
"NVIDIA GeForce GTX 1060 (0)","_ZN6alpaka6detail9gpuKernelIN19lulesh_port_kernels48CalcKinematicsAndMonotonicQGradient_kernel_classENS_9ApiCudaRtENS_22AccGpuUniformCudaHipRtIS4_St17integral_constantImLm1EEmEES7_mJEEEvNS_3VecIT2_T3_EET_DpT4_",100,"single_precision_fu_utilization","Single-Precision Function Unit Utilization","Low (1)","Low (1)","Low (1)"
"NVIDIA GeForce GTX 1060 (0)","_ZN6alpaka6detail9gpuKernelIN19lulesh_port_kernels48CalcKinematicsAndMonotonicQGradient_kernel_classENS_9ApiCudaRtENS_22AccGpuUniformCudaHipRtIS4_St17integral_constantImLm1EEmEES7_mJEEEvNS_3VecIT2_T3_EET_DpT4_",100,"double_precision_fu_utilization","Double-Precision Function Unit Utilization","High (7)","High (8)","High (7)"
"NVIDIA GeForce GTX 1060 (0)","_ZN6alpaka6detail9gpuKernelIN19lulesh_port_kernels48CalcKinematicsAndMonotonicQGradient_kernel_classENS_9ApiCudaRtENS_22AccGpuUniformCudaHipRtIS4_St17integral_constantImLm1EEmEES7_mJEEEvNS_3VecIT2_T3_EET_DpT4_",100,"flop_hp_efficiency","FLOP Efficiency(Peak Half)",0.000000%,0.000000%,0.000000%
"NVIDIA GeForce GTX 1060 (0)","_ZN6alpaka6detail9gpuKernelIN19lulesh_port_kernels48CalcKinematicsAndMonotonicQGradient_kernel_classENS_9ApiCudaRtENS_22AccGpuUniformCudaHipRtIS4_St17integral_constantImLm1EEmEES7_mJEEEvNS_3VecIT2_T3_EET_DpT4_",100,"flop_sp_efficiency","FLOP Efficiency(Peak Single)",0.015150%,0.016001%,0.015784%
"NVIDIA GeForce GTX 1060 (0)","_ZN6alpaka6detail9gpuKernelIN19lulesh_port_kernels48CalcKinematicsAndMonotonicQGradient_kernel_classENS_9ApiCudaRtENS_22AccGpuUniformCudaHipRtIS4_St17integral_constantImLm1EEmEES7_mJEEEvNS_3VecIT2_T3_EET_DpT4_",100,"flop_dp_efficiency","FLOP Efficiency(Peak Double)",34.173885%,36.110194%,35.575393%
"NVIDIA GeForce GTX 1060 (0)","_ZN6alpaka6detail9gpuKernelIN19lulesh_port_kernels48CalcKinematicsAndMonotonicQGradient_kernel_classENS_9ApiCudaRtENS_22AccGpuUniformCudaHipRtIS4_St17integral_constantImLm1EEmEES7_mJEEEvNS_3VecIT2_T3_EET_DpT4_",100,"dram_read_transactions","Device Memory Read Transactions",0,20,0
"NVIDIA GeForce GTX 1060 (0)","_ZN6alpaka6detail9gpuKernelIN19lulesh_port_kernels48CalcKinematicsAndMonotonicQGradient_kernel_classENS_9ApiCudaRtENS_22AccGpuUniformCudaHipRtIS4_St17integral_constantImLm1EEmEES7_mJEEEvNS_3VecIT2_T3_EET_DpT4_",100,"dram_write_transactions","Device Memory Write Transactions",0,354,37
"NVIDIA GeForce GTX 1060 (0)","_ZN6alpaka6detail9gpuKernelIN19lulesh_port_kernels48CalcKinematicsAndMonotonicQGradient_kernel_classENS_9ApiCudaRtENS_22AccGpuUniformCudaHipRtIS4_St17integral_constantImLm1EEmEES7_mJEEEvNS_3VecIT2_T3_EET_DpT4_",100,"dram_read_throughput","Device Memory Read Throughput",0.000000B/s,30.008926MB/s,737.629883KB/s
"NVIDIA GeForce GTX 1060 (0)","_ZN6alpaka6detail9gpuKernelIN19lulesh_port_kernels48CalcKinematicsAndMonotonicQGradient_kernel_classENS_9ApiCudaRtENS_22AccGpuUniformCudaHipRtIS4_St17integral_constantImLm1EEmEES7_mJEEEvNS_3VecIT2_T3_EET_DpT4_",100,"dram_write_throughput","Device Memory Write Throughput",0.000000B/s,531.785510MB/s,55.931640MB/s
"NVIDIA GeForce GTX 1060 (0)","_ZN6alpaka6detail9gpuKernelIN19lulesh_port_kernels48CalcKinematicsAndMonotonicQGradient_kernel_classENS_9ApiCudaRtENS_22AccGpuUniformCudaHipRtIS4_St17integral_constantImLm1EEmEES7_mJEEEvNS_3VecIT2_T3_EET_DpT4_",100,"dram_utilization","Device Memory Utilization","Idle (0)","Low (1)","Idle (0)"
"NVIDIA GeForce GTX 1060 (0)","_ZN6alpaka6detail9gpuKernelIN19lulesh_port_kernels48CalcKinematicsAndMonotonicQGradient_kernel_classENS_9ApiCudaRtENS_22AccGpuUniformCudaHipRtIS4_St17integral_constantImLm1EEmEES7_mJEEEvNS_3VecIT2_T3_EET_DpT4_",100,"half_precision_fu_utilization","Half-Precision Function Unit Utilization","Idle (0)","Idle (0)","Idle (0)"
"NVIDIA GeForce GTX 1060 (0)","_ZN6alpaka6detail9gpuKernelIN19lulesh_port_kernels48CalcKinematicsAndMonotonicQGradient_kernel_classENS_9ApiCudaRtENS_22AccGpuUniformCudaHipRtIS4_St17integral_constantImLm1EEmEES7_mJEEEvNS_3VecIT2_T3_EET_DpT4_",100,"ecc_transactions","ECC Transactions",0,0,0
"NVIDIA GeForce GTX 1060 (0)","_ZN6alpaka6detail9gpuKernelIN19lulesh_port_kernels48CalcKinematicsAndMonotonicQGradient_kernel_classENS_9ApiCudaRtENS_22AccGpuUniformCudaHipRtIS4_St17integral_constantImLm1EEmEES7_mJEEEvNS_3VecIT2_T3_EET_DpT4_",100,"ecc_throughput","ECC Throughput",0.000000B/s,0.000000B/s,0.000000B/s
"NVIDIA GeForce GTX 1060 (0)","_ZN6alpaka6detail9gpuKernelIN19lulesh_port_kernels48CalcKinematicsAndMonotonicQGradient_kernel_classENS_9ApiCudaRtENS_22AccGpuUniformCudaHipRtIS4_St17integral_constantImLm1EEmEES7_mJEEEvNS_3VecIT2_T3_EET_DpT4_",100,"dram_read_bytes","Total bytes read from DRAM to L2 cache",0,640,15
"NVIDIA GeForce GTX 1060 (0)","_ZN6alpaka6detail9gpuKernelIN19lulesh_port_kernels48CalcKinematicsAndMonotonicQGradient_kernel_classENS_9ApiCudaRtENS_22AccGpuUniformCudaHipRtIS4_St17integral_constantImLm1EEmEES7_mJEEEvNS_3VecIT2_T3_EET_DpT4_",100,"dram_write_bytes","Total bytes written from L2 cache to DRAM",0,11328,1192
